"Date","Time","Open","High","Low","Close","Vol","OI","FastAvg","SlowAvg","SlowK","SlowD","OverBot","OverSld"
03/20/2018,22:00,314.87,316.25,308.76,310.55,4764293,0,0.00,0.00,0.00,0.00,0.00,0.00
03/21/2018,22:00,310.25,322.44,310.19,316.53,5958411,0,0.00,0.00,0.00,0.00,0.00,0.00
03/22/2018,22:00,313.89,318.82,308.18,309.10,4939771,0,0.00,0.00,0.00,0.00,0.00,0.00
03/23/2018,22:00,311.25,311.61,300.45,301.54,6654899,0,0.00,0.00,0.00,0.00,0.00,0.00
03/26/2018,22:00,307.34,307.59,291.36,304.18,8375175,0,0.00,0.00,0.00,0.00,0.00,0.00
03/27/2018,22:00,304.00,304.27,277.18,279.18,13872029,0,0.00,0.00,0.00,0.00,0.00,0.00
03/28/2018,22:00,264.58,268.68,252.10,257.78,21001437,0,0.00,0.00,0.00,0.00,0.00,0.00
03/29/2018,22:00,256.49,270.96,248.21,266.13,15170749,0,0.00,0.00,0.00,0.00,0.00,0.00
04/02/2018,22:00,256.26,260.33,244.59,252.48,16113968,0,0.00,0.00,0.00,0.00,0.00,0.00
04/03/2018,22:00,269.82,273.35,254.49,267.53,18844384,0,0.00,0.00,0.00,0.00,0.00,0.00
04/04/2018,22:00,252.78,288.37,252.00,286.94,19896746,0,0.00,0.00,0.00,0.00,0.00,0.00
04/05/2018,22:00,289.34,306.26,288.20,305.72,19121101,0,0.00,0.00,0.00,0.00,0.00,0.00
04/06/2018,22:00,301.00,309.28,295.50,299.30,13520286,0,0.00,0.00,0.00,0.00,0.00,0.00
04/09/2018,22:00,300.37,309.50,289.21,289.66,10249805,0,0.00,0.00,0.00,0.00,0.00,0.00
04/10/2018,22:00,298.97,307.10,293.68,304.70,11024259,0,0.00,0.00,77.21,77.21,80.00,20.00
04/11/2018,22:00,300.74,308.98,299.66,300.93,7482945,0,0.00,0.00,76.79,77.07,80.00,20.00
04/12/2018,22:00,302.32,303.95,293.68,294.08,7608769,0,0.00,0.00,75.74,76.58,80.00,20.00
04/13/2018,22:00,303.60,303.95,295.98,300.34,7327223,0,0.00,0.00,78.38,76.97,80.00,20.00
04/16/2018,22:00,299.00,299.66,289.01,291.21,6338488,0,0.00,0.00,77.15,77.09,80.00,20.00
04/17/2018,22:00,288.87,292.17,282.51,287.69,7000023,0,0.00,0.00,74.70,76.74,80.00,20.00
04/18/2018,22:00,291.08,300.24,288.16,293.35,6557700,0,293.33,290.42,71.11,74.32,80.00,20.00
04/19/2018,22:00,291.08,301.01,288.55,300.08,6090599,0,294.53,289.60,75.67,73.83,80.00,20.00
04/20/2018,22:00,295.17,299.98,289.75,290.24,5627928,0,292.51,288.65,76.07,74.28,80.00,20.00
04/23/2018,22:00,291.29,291.62,282.33,283.37,4893378,0,290.95,287.74,69.53,73.76,80.00,20.00
04/24/2018,22:00,285.00,287.09,278.46,283.46,5685308,0,290.10,286.71,51.09,65.56,80.00,20.00
04/25/2018,22:00,283.50,285.16,277.25,280.69,4013574,0,287.57,286.78,32.96,51.19,80.00,20.00
04/26/2018,22:00,278.75,285.79,276.50,285.48,4356013,0,284.65,288.17,18.09,34.05,80.00,20.00
04/27/2018,22:00,285.37,294.47,283.83,294.08,4364626,0,285.42,289.57,30.70,27.25,80.00,20.00
04/30/2018,22:00,293.61,298.73,292.50,293.90,4228172,0,287.52,291.64,44.88,31.22,80.00,20.00
05/01/2018,22:00,293.51,300.82,293.22,299.92,4625603,0,290.81,293.26,63.20,46.26,80.00,20.00
05/02/2018,22:00,298.57,306.85,297.78,301.15,8970370,0,294.91,293.97,72.52,60.20,80.00,20.00
05/03/2018,22:00,278.79,288.04,275.23,284.45,17352130,0,294.70,292.90,64.07,66.59,80.00,20.00
05/04/2018,22:00,283.00,296.86,279.52,294.09,8569354,0,294.70,292.64,56.34,64.31,80.00,20.00
05/07/2018,22:00,297.50,305.96,295.17,302.77,8678224,0,296.48,293.30,58.63,59.68,80.00,20.00
05/08/2018,22:00,300.80,307.75,299.00,301.97,5930000,0,296.89,293.16,76.38,63.78,80.00,20.00
05/09/2018,22:00,300.41,307.01,300.05,306.85,5727365,0,298.03,293.46,88.87,74.63,80.00,20.00
05/10/2018,22:00,307.50,312.99,304.11,305.02,5651561,0,302.14,294.01,85.75,83.67,80.00,20.00
05/11/2018,22:00,307.70,308.88,299.08,301.06,4679649,0,303.53,294.04,80.75,85.12,80.00,20.00
05/14/2018,22:00,303.32,304.94,291.62,291.97,7286804,0,301.37,294.08,63.88,76.79,80.00,20.00
05/15/2018,22:00,285.01,286.96,280.50,284.18,9519173,0,297.82,293.90,45.48,63.37,80.00,20.00
05/16/2018,22:00,283.83,288.81,281.56,286.48,5674019,0,293.74,293.56,32.61,47.32,80.00,20.00
05/17/2018,22:00,285.90,289.19,283.97,284.54,4420612,0,289.65,292.78,26.05,34.71,80.00,20.00
05/18/2018,22:00,284.65,284.65,274.00,276.82,7251887,0,284.80,292.11,20.42,26.36,80.00,20.00
05/21/2018,22:00,281.33,291.49,281.30,284.49,9182571,0,283.30,292.17,19.54,22.00,80.00,20.00
05/22/2018,22:00,287.76,288.00,273.42,275.01,8945756,0,281.47,291.75,12.68,17.55,80.00,20.00
05/23/2018,22:00,277.76,279.91,274.00,279.07,5985053,0,279.99,291.67,15.01,15.74,80.00,20.00
05/24/2018,22:00,278.40,281.11,274.89,277.85,4176708,0,278.65,291.28,9.83,12.51,80.00,20.00
05/25/2018,22:00,277.63,279.64,275.61,278.85,3875082,0,279.05,290.52,13.07,12.64,80.00,20.00
05/29/2018,22:00,278.51,286.50,276.15,283.76,5666640,0,278.91,290.02,17.02,13.30,80.00,20.00
05/30/2018,22:00,283.29,295.01,281.60,291.72,7489686,0,282.25,289.61,28.70,19.59,80.00,20.00
05/31/2018,22:00,287.21,290.37,282.93,284.73,5919721,0,283.38,288.78,34.86,26.86,80.00,20.00
06/01/2018,22:00,285.86,291.95,283.84,291.82,5424386,0,286.18,289.15,45.06,36.21,80.00,20.00
06/04/2018,22:00,294.34,299.00,293.55,296.74,4797810,0,289.75,289.29,57.29,45.74,80.00,20.00
06/05/2018,22:00,297.70,297.80,286.74,291.13,5995157,0,291.23,288.70,71.88,58.08,80.00,20.00
06/06/2018,22:00,300.50,322.17,297.48,319.50,18762517,0,296.78,289.58,87.19,72.12,80.00,20.00
06/07/2018,22:00,316.15,330.00,313.58,316.09,14345271,0,303.06,290.04,81.32,80.13,80.00,20.00
06/08/2018,22:00,319.00,324.48,317.15,317.66,8205202,0,308.22,290.67,82.14,83.55,80.00,20.00
06/11/2018,22:00,322.51,334.66,322.50,332.10,13183473,0,315.30,292.23,83.48,82.31,80.00,20.00
06/12/2018,22:00,344.70,354.97,338.00,342.77,22347403,0,325.62,294.77,86.37,84.00,80.00,20.00
06/13/2018,22:00,346.71,347.20,339.80,344.78,9469804,0,330.68,297.80,88.78,86.21,80.00,20.00
06/14/2018,22:00,347.63,358.75,346.60,357.72,10981023,0,339.01,301.36,90.41,88.52,80.00,20.00
06/15/2018,22:00,353.84,364.67,351.25,358.17,10848254,0,347.11,305.04,92.96,90.72,80.00,20.00
06/18/2018,22:00,355.40,373.73,354.50,370.83,12073226,0,354.85,309.74,96.05,93.14,80.00,20.00
06/19/2018,22:00,365.16,370.00,346.25,352.55,12761903,0,356.81,313.14,88.73,92.58,80.00,20.00
06/20/2018,22:00,358.04,364.38,352.00,362.22,8383656,0,360.30,317.50,86.95,90.58,80.00,20.00
06/21/2018,22:00,362.00,366.21,346.27,347.51,7967145,0,358.26,320.92,77.99,84.56,80.00,20.00
06/22/2018,22:00,351.54,352.25,332.00,333.63,10266059,0,353.35,323.71,70.50,78.48,80.00,20.00
06/25/2018,22:00,330.12,338.47,327.50,333.01,6931304,0,345.78,326.42,57.22,68.57,80.00,20.00
06/26/2018,22:00,336.05,343.55,325.80,342.00,7452487,0,343.67,329.33,49.62,59.12,80.00,20.00
06/27/2018,22:00,345.00,350.79,339.50,344.50,8333727,0,340.13,331.97,47.31,51.38,80.00,20.00
06/28/2018,22:00,348.66,357.02,346.11,349.93,8398005,0,340.61,335.23,49.54,48.82,80.00,20.00
06/29/2018,22:00,353.33,353.86,342.41,342.95,6492396,0,342.48,337.79,46.19,47.68,80.00,20.00
07/02/2018,22:00,360.07,364.78,329.85,335.07,18759765,0,342.89,339.71,36.61,44.11,80.00,20.00
07/03/2018,22:00,331.75,332.49,309.69,310.86,12282638,0,336.66,340.69,17.25,33.35,80.00,20.00
07/05/2018,22:00,313.76,314.39,296.22,309.16,17476374,0,329.59,340.18,12.34,22.07,80.00,20.00
07/06/2018,22:00,304.95,312.07,302.00,308.90,8865451,0,321.39,339.82,12.23,13.94,80.00,20.00
07/09/2018,22:00,311.99,318.52,308.00,318.51,7596753,0,316.50,339.86,20.94,15.17,80.00,20.00
07/10/2018,22:00,324.56,327.68,319.20,322.47,9471498,0,313.98,339.38,27.67,20.28,80.00,20.00
07/11/2018,22:00,315.80,321.94,315.07,318.96,4884076,0,315.60,338.19,33.35,27.32,80.00,20.00
07/12/2018,22:00,321.43,323.23,312.77,316.71,5721166,0,317.11,336.78,33.32,31.44,80.00,20.00
07/13/2018,22:00,315.58,319.58,309.25,318.87,5875770,0,319.10,334.84,31.81,32.82,80.00,20.00
07/16/2018,22:00,311.71,315.16,306.25,310.10,7818655,0,317.42,332.44,27.72,30.95,80.00,20.00
07/17/2018,22:00,308.81,324.74,308.50,322.69,6996232,0,317.47,330.03,30.63,30.05,80.00,20.00
07/18/2018,22:00,325.00,325.50,316.25,323.85,5624211,0,318.44,328.60,33.05,30.47,80.00,20.00
07/19/2018,22:00,316.33,323.54,314.01,320.23,5915345,0,319.15,326.50,37.98,33.89,80.00,20.00
07/20/2018,22:00,321.23,323.24,311.71,313.58,5166547,0,318.09,324.80,33.55,34.86,80.00,20.00
07/23/2018,22:00,301.84,305.50,292.86,303.20,10992947,0,316.71,323.28,29.26,33.59,80.00,20.00
07/24/2018,22:00,304.42,307.72,292.55,297.43,9590784,0,311.66,321.50,22.73,28.51,80.00,20.00
07/25/2018,22:00,296.35,309.62,294.50,308.74,7094180,0,308.64,319.84,28.58,26.86,80.00,20.00
07/26/2018,22:00,304.85,310.70,303.64,306.65,4630522,0,305.92,317.94,33.37,28.23,80.00,20.00
07/27/2018,22:00,307.25,307.69,295.34,297.18,5703326,0,302.64,315.31,33.13,31.70,80.00,20.00
07/30/2018,22:00,295.90,296.10,286.13,290.17,6814072,0,300.03,312.67,20.77,29.09,80.00,20.00
07/31/2018,22:00,292.25,298.32,289.07,298.14,5076916,0,300.18,310.82,18.16,24.02,80.00,20.00
08/01/2018,22:00,297.99,303.00,293.00,300.84,10129430,0,298.60,310.32,26.04,21.66,80.00,20.00
08/02/2018,22:00,328.44,349.99,323.16,349.54,23214962,0,307.17,312.34,63.20,35.80,80.00,20.00
08/03/2018,22:00,347.81,355.00,342.53,348.17,13656486,0,317.37,314.30,81.44,56.90,80.00,20.00
08/06/2018,22:00,345.46,354.98,341.82,341.99,8564331,0,327.74,315.48,89.94,78.19,80.00,20.00
08/07/2018,22:00,343.84,387.46,339.15,379.57,30875768,0,344.02,318.33,88.40,86.59,80.00,20.00
08/08/2018,22:00,369.09,382.64,367.12,370.34,24571163,0,357.92,320.90,86.00,88.11,80.00,20.00
08/09/2018,22:00,365.55,367.01,345.73,352.45,17183811,0,358.50,322.69,80.26,84.88,80.00,20.00
08/10/2018,22:00,354.00,360.00,346.00,355.49,11552044,0,359.97,324.52,72.33,79.53,80.00,20.00
08/13/2018,22:00,361.13,363.19,349.02,356.41,10463881,0,362.85,326.83,67.75,73.45,80.00,20.00
08/14/2018,22:00,358.45,359.20,347.10,347.64,6986427,0,356.47,328.08,66.17,68.75,80.00,20.00
08/15/2018,22:00,341.91,344.49,332.14,338.69,9101258,0,350.14,328.82,60.64,64.86,80.00,20.00
08/16/2018,22:00,339.91,342.28,333.82,335.45,6064033,0,346.74,329.58,53.75,60.19,80.00,20.00
08/17/2018,22:00,323.50,326.77,303.53,305.50,18958612,0,336.74,329.18,39.30,51.23,80.00,20.00
08/20/2018,22:00,291.70,308.50,288.20,308.44,17402335,0,327.14,329.44,28.76,40.60,80.00,20.00
08/21/2018,22:00,310.61,324.79,309.00,321.90,13172230,0,322.00,330.67,23.70,30.59,80.00,20.00
08/22/2018,22:00,320.87,323.88,314.67,321.64,5945955,0,318.59,331.31,29.34,27.27,80.00,20.00
08/23/2018,22:00,319.14,327.32,318.10,320.10,5147286,0,315.52,331.98,33.26,28.77,80.00,20.00
08/24/2018,22:00,320.70,323.85,319.40,322.82,3602564,0,318.98,333.26,33.57,32.06,80.00,20.00
08/27/2018,22:00,318.00,322.44,308.81,319.27,13079288,0,321.15,334.72,33.31,33.38,80.00,20.00
08/28/2018,22:00,318.41,318.88,311.19,311.86,7649091,0,319.14,335.41,32.79,33.22,80.00,20.00
08/29/2018,22:00,310.27,311.85,303.69,305.01,7447392,0,315.81,335.61,28.82,31.64,80.00,20.00
08/30/2018,22:00,302.26,304.60,297.72,303.15,7216706,0,312.42,333.29,24.22,28.61,80.00,20.00
08/31/2018,22:00,302.00,305.31,298.60,301.66,5375104,0,308.19,330.97,20.46,24.50,80.00,20.00
09/04/2018,22:00,296.94,298.19,288.00,288.95,8350469,0,302.13,328.32,14.50,19.73,80.00,20.00
09/05/2018,22:00,285.05,286.78,277.18,280.74,7720821,0,295.90,323.38,9.33,14.76,80.00,20.00
09/06/2018,22:00,284.80,291.17,278.88,280.95,7480760,0,291.09,318.91,4.82,9.55,80.00,20.00
09/07/2018,22:00,260.10,268.35,252.25,263.24,22491931,0,283.11,314.45,9.63,7.93,80.00,20.00
09/10/2018,22:00,273.26,286.03,271.00,285.50,14283528,0,279.88,310.95,23.97,12.81,80.00,20.00
09/11/2018,22:00,279.47,282.00,273.55,279.44,9169989,0,277.97,307.10,31.72,21.77,80.00,20.00
09/12/2018,22:00,281.44,292.50,278.65,290.54,10015427,0,279.93,304.24,43.84,33.18,80.00,20.00
09/13/2018,22:00,288.02,295.00,285.18,289.46,6340336,0,281.64,301.78,46.31,40.62,80.00,20.00
09/14/2018,22:00,288.76,297.33,286.52,295.20,6765612,0,288.03,299.77,54.62,48.26,80.00,20.00
09/17/2018,22:00,290.04,300.87,288.13,294.84,6887577,0,289.90,299.24,58.90,53.28,80.00,20.00
09/18/2018,22:00,296.69,302.64,275.50,284.96,16547522,0,291.00,298.06,60.20,57.91,80.00,20.00
09/19/2018,22:00,280.51,300.00,280.50,299.02,8294917,0,292.70,296.92,68.09,62.39,80.00,20.00
09/20/2018,22:00,303.56,305.98,293.33,298.33,7349422,0,294.47,295.75,75.46,67.92,80.00,20.00
09/21/2018,22:00,297.70,300.58,295.37,299.10,5050478,0,295.25,294.70,87.03,76.86,80.00,20.00
09/24/2018,22:00,298.48,303.00,293.58,299.68,4842961,0,296.22,293.55,87.08,83.19,80.00,20.00
09/25/2018,22:00,300.00,304.60,296.50,300.99,4481729,0,299.42,292.63,88.73,87.61,80.00,20.00
09/26/2018,22:00,301.91,313.89,301.11,309.58,7843216,0,301.54,292.52,90.77,88.86,80.00,20.00
09/27/2018,22:00,312.90,314.96,306.91,307.52,8509084,0,303.37,292.64,89.49,89.67,80.00,20.00
09/28/2018,22:00,270.26,278.00,260.56,264.77,33649694,0,296.51,290.72,61.29,80.52,80.00,20.00
10/01/2018,22:00,305.77,311.44,301.05,310.70,21777597,0,298.71,291.18,59.49,70.09,80.00,20.00
10/02/2018,22:00,313.95,316.84,299.15,301.02,11743511,0,298.72,291.78,57.43,59.40,80.00,20.00
10/03/2018,22:00,303.33,304.60,291.57,294.80,7994988,0,295.76,292.48,74.77,63.90,80.00,20.00
10/04/2018,22:00,293.95,294.00,277.67,281.83,9814212,0,290.62,292.53,56.84,63.02,80.00,20.00
10/05/2018,22:00,274.65,274.88,260.00,261.95,17944537,0,290.06,292.46,33.92,55.18,80.00,20.00
10/08/2018,22:00,264.52,267.76,249.00,250.56,13472653,0,278.03,290.71,13.69,34.82,80.00,20.00
10/09/2018,22:00,255.25,266.77,253.30,262.80,12060574,0,270.39,289.88,8.99,18.87,80.00,20.00
10/10/2018,22:00,264.61,265.51,247.77,256.88,12815278,0,262.80,288.20,11.95,11.55,80.00,20.00
10/11/2018,22:00,257.53,262.25,249.03,252.23,8167738,0,256.88,286.34,13.29,11.41,80.00,20.00
10/12/2018,22:00,261.00,261.99,252.01,258.78,7201404,0,256.25,284.52,11.86,12.37,80.00,20.00
10/15/2018,22:00,259.06,263.28,254.54,259.59,6199965,0,258.06,282.75,13.17,12.77,80.00,20.00
10/16/2018,22:00,265.70,277.38,262.24,276.59,9526401,0,260.81,282.34,24.93,16.65,80.00,20.00
10/17/2018,22:00,282.40,282.70,265.80,271.78,8655542,0,263.79,280.97,31.20,23.10,80.00,20.00
10/18/2018,22:00,269.29,271.00,263.00,263.91,5421184,0,266.13,279.25,33.29,29.80,80.00,20.00
10/19/2018,22:00,267.39,269.66,253.50,260.00,9375549,0,266.37,277.30,25.28,29.92,80.00,20.00
10/22/2018,22:00,260.68,261.86,252.59,260.95,5600260,0,266.65,275.36,21.31,26.62,80.00,20.00
10/23/2018,22:00,263.87,297.93,262.10,294.14,19027753,0,270.16,275.02,40.77,29.12,80.00,20.00
10/24/2018,22:00,301.05,304.44,285.73,288.50,20058258,0,273.50,273.96,61.27,41.12,80.00,20.00
10/25/2018,22:00,317.22,321.00,301.01,314.86,20840724,0,283.69,274.33,85.63,62.56,80.00,20.00
10/26/2018,22:00,308.25,339.90,306.65,330.90,27425520,0,297.87,277.64,86.00,77.64,80.00,20.00
10/29/2018,22:00,337.47,347.16,326.50,334.85,14486027,0,312.65,278.85,89.63,87.09,80.00,20.00
10/30/2018,22:00,328.39,337.90,322.26,329.90,9126704,0,319.80,280.29,86.68,87.44,80.00,20.00
10/31/2018,22:00,332.54,342.00,329.10,337.32,7624348,0,329.57,282.42,86.53,87.62,80.00,20.00
11/01/2018,22:00,338.26,347.84,334.73,344.28,8000132,0,335.45,285.54,89.37,87.53,80.00,20.00
11/02/2018,22:00,343.74,349.20,340.91,346.41,7807971,0,338.55,289.76,94.36,90.09,80.00,20.00
11/05/2018,22:00,340.50,343.96,330.14,341.40,7831048,0,339.86,294.30,95.09,92.94,80.00,20.00
11/06/2018,22:00,339.07,348.80,336.09,341.06,6762889,0,342.09,298.22,93.54,94.33,80.00,20.00
11/07/2018,22:00,343.34,351.18,340.80,348.16,7374522,0,344.26,302.78,93.50,94.05,80.00,20.00
11/08/2018,22:00,348.50,357.58,348.44,351.40,7090674,0,345.69,307.74,94.22,93.75,80.00,20.00
11/09/2018,22:00,349.00,354.00,345.23,350.51,5098846,0,346.51,312.33,94.56,94.10,80.00,20.00
11/12/2018,22:00,348.37,349.78,330.34,331.28,6941523,0,344.48,315.91,85.48,91.42,80.00,20.00
11/13/2018,22:00,333.00,344.70,332.20,338.73,5448597,0,344.02,319.02,76.68,85.57,80.00,20.00
11/14/2018,22:00,342.70,347.11,337.15,344.00,5040287,0,343.18,322.63,67.25,76.47,80.00,20.00
11/15/2018,22:00,342.33,348.58,339.04,348.44,4625719,0,342.59,326.85,70.89,71.61,80.00,20.00
11/16/2018,22:00,345.19,355.70,345.12,354.31,7206191,0,343.35,331.57,78.62,72.26,80.00,20.00
11/19/2018,22:00,356.34,366.75,352.88,353.47,9708871,0,347.79,336.20,76.28,75.26,80.00,20.00
11/20/2018,22:00,341.75,349.80,333.55,347.49,8004709,0,349.54,338.86,67.32,74.07,80.00,20.00
11/21/2018,22:00,352.00,353.10,337.40,338.19,4686808,0,348.38,341.35,44.89,62.83,80.00,20.00
11/23/2018,22:00,334.35,337.50,325.55,325.83,4202642,0,343.86,341.90,22.44,44.88,80.00,20.00
11/26/2018,22:00,325.00,346.22,325.00,346.00,7992141,0,342.20,342.65,24.53,30.62,80.00,20.00
11/27/2018,22:00,340.05,346.96,335.50,343.92,6358300,0,340.29,343.11,32.24,26.40,80.00,20.00
11/28/2018,22:00,345.99,348.28,342.21,347.87,4127578,0,340.36,344.00,50.13,35.63,80.00,20.00
11/29/2018,22:00,347.00,347.50,339.55,341.17,3080724,0,340.96,344.20,46.28,42.88,80.00,20.00
11/30/2018,22:00,341.83,351.60,338.26,350.48,5628895,0,345.89,344.51,51.51,49.31,80.00,20.00
12/03/2018,22:00,360.00,366.00,352.00,358.49,8306511,0,348.39,345.11,59.99,52.59,80.00,20.00
12/04/2018,22:00,356.05,368.68,352.00,359.70,8461945,0,351.54,346.02,73.65,61.72,80.00,20.00
12/06/2018,22:00,356.01,367.38,350.76,363.06,7842508,0,354.58,347.13,82.29,71.98,80.00,20.00
12/07/2018,22:00,369.00,379.49,357.65,357.97,11511177,0,357.94,347.62,74.54,76.83,80.00,20.00
12/10/2018,22:00,360.00,365.98,353.12,365.15,6613455,0,360.87,348.30,72.83,76.55,80.00,20.00
12/11/2018,22:00,369.91,372.17,360.23,366.76,6308769,0,362.53,349.12,70.28,72.55,80.00,20.00
12/12/2018,22:00,369.42,371.91,365.16,366.60,5027048,0,363.91,350.88,75.56,72.89,80.00,20.00
12/13/2018,22:00,370.15,377.44,366.75,376.79,7365854,0,366.65,352.78,82.68,76.17,80.00,20.00
12/14/2018,22:00,375.00,377.87,364.33,365.71,6337555,0,368.20,353.87,82.03,80.09,80.00,20.00
12/17/2018,22:00,362.00,365.70,343.88,348.42,7674008,0,364.86,353.87,68.92,77.87,80.00,20.00
12/18/2018,22:00,350.54,351.55,333.69,337.03,7099999,0,358.91,353.01,39.49,63.48,80.00,20.00
12/19/2018,22:00,337.60,347.01,329.74,332.97,8274181,0,352.18,351.98,13.97,40.79,80.00,20.00
12/20/2018,22:00,327.05,330.29,311.87,315.38,9071858,0,339.90,350.37,6.18,19.88,80.00,20.00
12/21/2018,22:00,317.40,323.47,312.44,319.77,8016801,0,330.71,349.45,7.91,9.35,80.00,20.00
12/24/2018,22:00,313.50,314.50,295.20,295.39,5559913,0,320.11,347.93,5.28,6.46,80.00,20.00
12/26/2018,22:00,300.00,326.97,294.09,326.09,8163138,0,317.92,346.94,16.89,10.03,80.00,20.00
12/27/2018,22:00,319.84,322.17,301.50,316.13,8575133,0,314.55,345.55,21.26,14.48,80.00,20.00
12/28/2018,22:00,323.10,336.24,318.41,333.87,9938992,0,318.25,344.85,36.85,25.00,80.00,20.00
12/31/2018,22:00,337.79,339.21,325.26,332.80,6302338,0,320.86,344.43,39.74,32.62,80.00,20.00
01/02/2019,22:00,306.10,315.13,298.80,310.12,11658648,0,323.80,342.41,37.61,38.07,80.00,20.00
01/03/2019,22:00,307.00,309.40,297.38,300.36,6965184,0,318.66,339.50,24.27,33.87,80.00,20.00
01/04/2019,22:00,306.00,318.00,302.73,317.69,7394116,0,318.97,337.40,18.26,26.71,80.00,20.00
01/07/2019,22:00,321.72,336.74,317.75,334.96,7551225,0,319.19,336.00,29.58,24.04,80.00,20.00
01/08/2019,22:00,341.96,344.01,327.02,335.35,7008516,0,319.70,334.87,49.67,32.50,80.00,20.00
01/09/2019,22:00,335.50,343.50,331.47,338.53,5432945,0,325.38,333.54,69.55,49.60,80.00,20.00
01/10/2019,22:00,334.40,345.39,331.79,344.97,6056354,0,334.30,332.45,84.48,67.90,80.00,20.00
01/11/2019,22:00,342.09,348.41,338.77,347.26,5039052,0,340.21,331.48,93.66,82.56,80.00,20.00
01/14/2019,22:00,342.38,342.50,334.00,334.40,5247284,0,340.10,329.36,90.26,89.47,80.00,20.00
01/15/2019,22:00,335.00,348.80,334.50,344.43,6056590,0,341.92,328.30,88.04,90.65,80.00,20.00
01/16/2019,22:00,344.78,352.00,343.50,346.05,4691739,0,343.42,328.18,85.13,87.81,80.00,20.00
01/17/2019,22:00,346.21,351.50,344.15,347.31,3676733,0,343.89,328.69,90.84,88.01,80.00,20.00
01/18/2019,22:00,323.00,327.13,299.73,302.26,24150763,0,334.89,327.16,63.15,79.71,80.00,20.00
01/22/2019,22:00,304.82,308.00,295.50,298.92,12066741,0,327.79,326.33,35.13,63.04,80.00,20.00
01/23/2019,22:00,292.50,294.50,281.69,287.59,12529993,0,316.43,324.72,7.83,35.37,80.00,20.00
01/24/2019,22:00,283.03,293.68,279.28,291.51,8012155,0,305.52,324.53,10.80,17.92,80.00,20.00
01/25/2019,22:00,294.39,298.52,289.55,297.04,7258078,0,295.46,323.08,16.63,11.75,80.00,20.00
01/28/2019,22:00,292.91,297.46,287.75,296.38,6423279,0,294.29,322.09,21.59,16.34,80.00,20.00
01/29/2019,22:00,295.27,298.56,291.80,297.46,4621692,0,294.00,320.27,24.31,20.84,80.00,20.00
01/30/2019,22:00,300.45,309.00,298.49,308.77,11250318,0,298.23,319.07,29.69,25.20,80.00,20.00
01/31/2019,22:00,301.00,311.56,294.00,307.02,12569245,0,301.33,318.91,34.57,29.52,80.00,20.00
02/01/2019,22:00,305.42,316.10,303.50,312.21,7283441,0,304.37,319.51,41.33,35.19,80.00,20.00
02/04/2019,22:00,312.98,315.30,301.88,312.89,7352082,0,307.67,319.27,43.22,39.70,80.00,20.00
02/05/2019,22:00,312.49,322.44,312.25,321.35,6742765,0,312.45,318.58,49.78,44.78,80.00,20.00
02/06/2019,22:00,319.59,324.24,315.62,317.22,5038546,0,314.14,317.68,52.20,48.40,80.00,20.00
02/07/2019,22:00,313.30,314.70,303.00,307.51,6520611,0,314.24,316.13,56.14,52.71,80.00,20.00
02/08/2019,22:00,306.83,307.45,298.50,305.80,5844212,0,312.95,314.17,56.17,54.84,80.00,20.00
02/11/2019,22:00,311.60,318.60,310.50,312.84,7129713,0,312.94,312.45,64.10,58.80,80.00,20.00
02/12/2019,22:00,316.20,318.19,309.62,311.81,5517570,0,311.04,311.32,68.66,62.98,80.00,20.00
02/13/2019,22:00,312.35,312.75,305.57,308.17,5141617,0,309.23,309.51,68.44,67.07,80.00,20.00
02/14/2019,22:00,303.38,306.77,301.00,303.77,5200832,0,308.48,307.39,58.48,65.19,80.00,20.00
02/15/2019,22:00,304.50,308.00,303.90,307.88,3904947,0,308.89,305.42,49.82,58.91,80.00,20.00
02/19/2019,22:00,306.56,311.54,305.47,305.64,4168443,0,307.45,305.59,44.11,50.80,80.00,20.00
02/20/2019,22:00,304.41,306.30,299.00,302.56,7142117,0,305.60,305.77,39.04,44.32,80.00,20.00
02/21/2019,22:00,301.81,303.24,290.50,291.23,8909182,0,302.22,305.95,22.21,35.12,80.00,20.00
02/22/2019,22:00,294.49,296.50,292.10,294.71,5740558,0,300.40,306.11,13.81,25.02,80.00,20.00
02/25/2019,22:00,297.91,302.90,297.00,298.77,6626522,0,298.58,306.20,13.05,16.36,80.00,20.00
02/26/2019,22:00,292.22,302.01,288.77,297.86,8582535,0,297.03,306.27,20.95,15.94,80.00,20.00
02/27/2019,22:00,301.78,316.30,300.55,314.74,11183908,0,299.46,307.14,43.75,25.92,80.00,20.00
02/28/2019,22:00,318.92,320.00,310.81,319.88,10520653,0,305.19,307.69,68.55,44.42,80.00,20.00
03/01/2019,22:00,306.94,307.13,291.90,294.79,22911375,0,305.21,307.08,68.37,60.22,80.00,20.00
03/04/2019,22:00,298.12,299.00,282.78,285.36,17096818,0,302.53,305.74,39.84,58.92,80.00,20.00
03/05/2019,22:00,282.00,284.00,270.10,276.54,18764740,0,298.26,303.92,12.71,40.31,80.00,20.00
03/06/2019,22:00,276.48,281.51,274.39,276.24,10335485,0,290.56,301.67,11.06,21.20,80.00,20.00
03/07/2019,22:00,278.84,284.70,274.25,276.59,9442483,0,281.90,299.63,12.74,12.17,80.00,20.00
03/08/2019,22:00,276.91,285.59,275.89,284.14,8819625,0,279.77,298.47,17.82,13.87,80.00,20.00
03/11/2019,22:00,283.52,291.28,280.50,290.92,7392278,0,280.89,297.72,27.62,19.39,80.00,20.00
03/12/2019,22:00,286.49,288.07,281.06,283.36,7504137,0,282.25,296.25,32.14,25.86,80.00,20.00
03/13/2019,22:00,283.90,291.99,282.70,288.96,6844719,0,284.79,295.11,35.36,31.71,80.00,20.00
03/14/2019,22:00,292.45,295.39,288.29,289.96,7103447,0,287.47,294.20,34.72,34.08,80.00,20.00
03/15/2019,22:00,283.51,283.72,274.40,275.43,14785531,0,285.73,292.78,29.43,33.17,80.00,20.00
03/18/2019,22:00,276.00,278.05,267.30,269.49,10280980,0,281.44,290.86,17.95,27.37,80.00,20.00
03/19/2019,22:00,267.50,273.30,263.46,267.47,11800630,0,278.26,288.95,7.25,18.21,80.00,20.00
03/20/2019,22:00,269.69,274.97,266.30,273.60,6908224,0,275.19,287.50,10.69,11.96,80.00,20.00
03/21/2019,22:00,272.60,276.45,268.45,274.02,5947098,0,272.00,286.64,18.20,12.04,80.00,20.00
03/22/2019,22:00,272.58,272.80,264.00,264.53,8745609,0,269.82,285.13,19.59,16.16,80.00,20.00
03/25/2019,22:00,259.71,263.18,254.46,260.42,10215029,0,268.01,283.21,16.23,18.01,80.00,20.00
03/26/2019,22:00,264.44,270.26,264.43,267.77,7350948,0,268.07,281.71,17.88,17.90,80.00,20.00
03/27/2019,22:00,268.75,275.37,268.18,274.83,8779166,0,268.31,279.71,32.28,22.13,80.00,20.00
03/28/2019,22:00,277.16,280.33,275.10,278.62,6774093,0,269.23,277.65,47.10,32.42,80.00,20.00
03/29/2019,22:00,278.70,280.16,274.50,279.86,5991338,0,272.30,276.91,56.95,45.45,80.00,20.00
04/01/2019,22:00,282.62,289.20,281.28,289.18,8110439,0,278.05,277.10,68.64,57.56,80.00,20.00
04/02/2019,22:00,288.30,289.44,283.88,285.88,5478940,0,281.67,277.56,74.55,66.71,80.00,20.00
04/03/2019,22:00,287.32,296.17,287.17,291.81,7929864,0,285.07,278.34,83.75,75.65,80.00,20.00
04/04/2019,22:00,261.89,271.20,260.59,267.78,23720729,0,282.90,277.90,66.02,74.77,80.00,20.00
04/05/2019,22:00,269.86,276.10,266.11,274.96,13038257,0,281.92,277.44,56.88,68.88,80.00,20.00
04/08/2019,22:00,277.69,281.16,270.44,273.20,10410436,0,278.73,276.56,42.00,54.97,80.00,20.00
04/09/2019,22:00,271.65,275.00,269.61,272.31,5904031,0,276.01,276.00,45.62,48.17,80.00,20.00
04/10/2019,22:00,276.74,278.38,272.89,276.06,7061314,0,272.86,275.36,46.50,44.71,80.00,20.00
04/11/2019,22:00,268.30,270.50,265.60,268.42,9835927,0,272.99,274.28,42.68,44.94,80.00,20.00
04/12/2019,22:00,270.22,271.95,266.83,267.70,6745974,0,271.54,273.90,35.86,41.68,80.00,20.00
04/15/2019,22:00,268.63,268.88,258.63,266.38,10038579,0,270.17,273.74,25.10,34.55,80.00,20.00
04/16/2019,22:00,265.75,275.00,264.72,273.36,7272930,0,270.38,274.03,26.74,29.23,80.00,20.00
04/17/2019,22:00,274.75,274.79,268.54,271.23,5126468,0,269.42,273.92,31.15,27.66,80.00,20.00
04/18/2019,22:00,271.23,274.84,269.75,273.26,5876325,0,270.39,273.88,37.26,31.72,80.00,20.00
04/22/2019,22:00,269.00,269.68,262.48,262.75,12147141,0,269.40,273.79,27.84,32.08,80.00,20.00
04/23/2019,22:00,260.15,265.60,255.75,263.90,10943859,0,268.90,273.96,23.29,29.46,80.00,20.00
04/24/2019,22:00,263.85,265.32,258.00,258.66,10727454,0,265.96,273.51,14.69,21.94,80.00,20.00
04/25/2019,22:00,255.00,259.00,246.07,247.63,21849393,0,261.24,272.15,12.50,16.83,80.00,20.00
04/26/2019,22:00,246.50,246.68,231.13,235.14,22360709,0,253.62,269.97,7.67,11.62,80.00,20.00
04/29/2019,22:00,235.86,243.98,232.17,241.47,16714476,0,249.36,268.05,12.02,10.73,80.00,20.00
04/30/2019,22:00,242.06,244.21,237.00,238.69,9464628,0,244.32,265.53,15.16,11.62,80.00,20.00
05/01/2019,22:00,238.85,240.00,231.50,234.01,10704354,0,239.39,262.94,15.02,14.07,80.00,20.00
05/02/2019,22:00,245.52,247.13,237.72,244.10,18159339,0,238.68,260.55,17.34,15.84,80.00,20.00
05/03/2019,22:00,243.86,256.61,243.49,255.03,23706771,0,242.66,259.91,30.20,20.85,80.00,20.00
05/06/2019,22:00,250.02,258.35,248.50,255.34,10833943,0,245.43,258.93,46.41,31.32,80.00,20.00
05/07/2019,22:00,256.80,257.21,245.10,247.06,10131408,0,247.11,257.63,48.72,41.78,80.00,20.00
05/08/2019,22:00,246.94,250.60,244.20,244.84,6176440,0,249.27,256.25,41.02,45.38,80.00,20.00
05/09/2019,22:00,242.00,243.68,236.94,241.98,6711382,0,248.85,254.55,32.14,40.63,80.00,20.00
05/10/2019,22:00,239.75,241.99,236.02,239.52,7008336,0,245.75,253.10,28.23,33.80,80.00,20.00
05/13/2019,22:00,232.01,232.47,224.50,227.01,10834796,0,240.08,251.07,19.11,26.49,80.00,20.00
05/14/2019,22:00,229.30,234.50,228.00,232.31,7252412,0,237.13,249.36,17.04,21.46,80.00,20.00
05/15/2019,22:00,229.32,232.44,225.25,231.95,7295976,0,234.55,247.29,16.28,17.47,80.00,20.00
05/16/2019,22:00,229.49,231.00,226.50,228.33,7483273,0,231.82,245.15,18.68,17.33,80.00,20.00
05/17/2019,22:00,221.96,222.24,208.92,211.03,17786666,0,226.13,242.04,11.43,15.46,80.00,20.00
05/20/2019,22:00,202.80,206.00,195.25,205.36,20526195,0,221.80,239.17,10.96,13.69,80.00,20.00
05/21/2019,22:00,197.76,207.40,196.04,205.08,18003899,0,216.35,236.23,12.55,11.65,80.00,20.00
05/22/2019,22:00,199.10,203.94,191.78,192.73,18685187,0,208.51,232.93,10.84,11.45,80.00,20.00
05/23/2019,22:00,194.34,199.47,186.22,195.49,26547142,0,201.94,230.32,9.94,11.11,80.00,20.00
05/24/2019,22:00,199.83,199.98,188.75,190.63,14136572,0,197.86,228.10,6.98,9.25,80.00,20.00
05/28/2019,22:00,191.20,195.00,187.85,188.70,10312901,0,194.53,225.46,7.79,8.23,80.00,20.00
05/29/2019,22:00,187.10,192.39,185.04,189.86,11968638,0,191.48,223.02,6.04,6.93,80.00,20.00
05/30/2019,22:00,188.75,192.26,187.02,188.22,7926475,0,190.58,220.73,5.82,6.55,80.00,20.00
05/31/2019,22:00,185.10,189.92,184.10,185.16,10406732,0,188.51,217.78,5.46,5.77,80.00,20.00
06/03/2019,22:00,185.51,186.68,176.99,178.97,13064410,0,186.18,213.98,3.77,5.02,80.00,20.00
06/04/2019,22:00,181.10,193.98,179.61,193.60,13807522,0,187.16,210.89,12.03,7.09,80.00,20.00
06/05/2019,22:00,198.68,201.28,191.85,196.59,13510756,0,188.51,208.37,22.87,12.89,80.00,20.00
06/06/2019,22:00,204.44,211.00,201.80,205.95,20242151,0,192.05,206.42,42.12,25.67,80.00,20.00
06/07/2019,22:00,205.28,210.84,203.50,204.50,16003527,0,195.92,204.55,57.08,40.69,80.00,20.00
06/10/2019,22:00,210.25,216.94,209.01,212.88,10585039,0,202.70,203.22,77.48,58.89,80.00,20.00
06/11/2019,22:00,219.14,220.90,213.50,217.10,11653537,0,207.40,202.72,87.82,74.12,80.00,20.00
06/12/2019,22:00,222.95,223.38,209.00,209.26,15197544,0,209.94,201.57,83.12,82.81,80.00,20.00
06/13/2019,22:00,210.38,214.90,207.51,213.91,8168260,0,211.53,200.67,79.96,83.63,80.00,20.00
06/14/2019,22:00,211.25,216.65,210.40,214.92,7433402,0,213.61,200.00,76.97,80.02,80.00,20.00
06/17/2019,22:00,214.73,227.00,214.27,225.03,12316803,0,216.04,200.70,86.06,81.00,80.00,20.00
06/18/2019,22:00,228.72,234.74,222.56,224.74,12715788,0,217.57,201.67,86.75,83.26,80.00,20.00
06/19/2019,22:00,225.11,227.77,221.06,226.43,6575135,0,221.01,202.73,87.75,86.85,80.00,20.00
06/20/2019,22:00,223.00,226.90,216.35,219.62,11863462,0,222.15,204.08,80.70,85.07,80.00,20.00
06/21/2019,22:00,216.22,222.18,215.50,221.86,8202078,0,223.54,205.40,78.72,82.39,80.00,20.00
06/24/2019,22:00,223.24,225.86,221.02,223.64,5750771,0,223.26,207.05,74.90,78.11,80.00,20.00
06/25/2019,22:00,224.39,225.34,219.49,219.76,6182071,0,222.26,208.60,70.25,74.62,80.00,20.00
06/26/2019,22:00,220.31,227.23,218.10,219.27,8507208,0,220.83,210.07,61.19,68.78,80.00,20.00
06/27/2019,22:00,219.45,222.90,217.35,222.84,6339710,0,221.47,211.80,53.67,61.70,80.00,20.00
06/28/2019,22:00,220.99,225.17,220.80,223.46,6851384,0,221.79,213.72,54.90,56.59,80.00,20.00
07/01/2019,22:00,230.21,233.10,226.28,227.17,8237964,0,222.50,216.13,62.36,56.98,80.00,20.00
07/02/2019,22:00,228.89,229.15,222.22,224.55,9259027,0,223.46,217.67,64.45,60.57,80.00,20.00
07/03/2019,22:00,239.39,241.57,234.51,234.90,14201148,0,226.58,219.59,71.47,66.09,80.00,20.00
07/05/2019,22:00,234.57,235.45,230.80,233.10,7065738,0,228.64,220.95,70.44,68.79,80.00,20.00
07/08/2019,22:00,231.24,232.25,228.66,230.34,5880542,0,230.01,222.24,68.81,70.24,80.00,20.00
07/09/2019,22:00,228.97,231.00,227.28,230.06,6190835,0,230.59,223.10,60.71,66.65,80.00,20.00
07/10/2019,22:00,234.15,238.94,233.14,238.92,9145736,0,233.46,224.19,67.54,65.69,80.00,20.00
07/11/2019,22:00,238.14,241.50,235.80,238.60,7514430,0,234.20,225.66,78.10,68.78,80.00,20.00
07/12/2019,22:00,239.75,245.38,239.71,245.08,9200521,0,236.60,227.21,92.62,79.42,80.00,20.00
07/15/2019,22:00,248.00,254.42,244.86,253.50,11000092,0,241.23,229.14,95.40,88.71,80.00,20.00
07/16/2019,22:00,249.30,253.53,247.93,252.38,8148989,0,245.70,230.51,96.81,94.94,80.00,20.00
07/17/2019,22:00,255.67,258.31,253.35,254.86,9764727,0,248.88,232.02,94.43,95.55,80.00,20.00
07/18/2019,22:00,255.05,255.75,251.89,253.54,4764483,0,251.87,233.37,91.12,94.12,80.00,20.00
07/19/2019,22:00,255.69,259.96,254.62,258.18,7048410,0,254.49,235.30,91.39,92.32,80.00,20.00
07/22/2019,22:00,258.75,262.16,254.19,255.68,6846273,0,254.93,236.99,88.69,90.40,80.00,20.00
07/23/2019,22:00,256.71,260.48,254.50,260.17,5023121,0,256.49,238.82,90.89,90.33,80.00,20.00
07/24/2019,22:00,259.17,266.07,258.16,264.88,11072835,0,258.49,241.07,91.50,90.36,80.00,20.00
07/25/2019,22:00,232.99,234.50,225.55,228.82,22418252,0,253.55,241.55,64.59,82.33,80.00,20.00
07/26/2019,22:00,226.92,230.26,222.25,228.04,10027697,0,247.52,241.81,37.89,64.66,80.00,20.00
07/29/2019,22:00,227.09,235.94,226.03,235.77,9273331,0,243.54,242.43,17.62,40.04,80.00,20.00
07/30/2019,22:00,232.90,243.36,232.18,242.26,8109014,0,239.95,243.18,29.91,28.47,80.00,20.00
07/31/2019,22:00,243.00,246.68,236.65,241.61,9178208,0,235.30,244.03,40.23,29.25,80.00,20.00
08/01/2019,22:00,242.65,244.51,231.77,233.85,8259516,0,236.31,243.98,38.77,36.31,80.00,20.00
08/02/2019,22:00,231.28,236.27,229.23,234.34,6136481,0,237.57,244.04,32.75,37.25,80.00,20.00
08/05/2019,22:00,229.60,231.37,225.78,228.32,7028279,0,236.08,243.94,22.64,31.39,80.00,20.00
08/06/2019,22:00,231.88,232.50,225.75,230.75,5564200,0,233.77,243.98,20.28,25.22,80.00,20.00
08/07/2019,22:00,226.50,233.57,225.80,233.42,4776500,0,232.14,243.70,19.58,20.83,80.00,20.00
08/08/2019,22:00,234.45,239.80,232.65,238.30,5274349,0,233.03,243.69,27.17,22.34,80.00,20.00
08/09/2019,22:00,236.05,238.96,233.81,235.01,3898244,0,233.16,243.18,30.41,25.72,80.00,20.00
08/12/2019,22:00,232.99,235.77,228.75,229.01,4663937,0,233.30,241.96,27.06,28.21,80.00,20.00
08/13/2019,22:00,228.81,236.00,227.55,235.00,4868998,0,234.15,241.09,28.79,28.75,80.00,20.00
08/14/2019,22:00,231.21,231.50,216.69,219.62,9562591,0,231.39,239.33,22.84,26.23,80.00,20.00
08/15/2019,22:00,220.86,221.56,211.55,215.64,8231952,0,226.86,237.43,22.08,24.57,80.00,20.00
08/16/2019,22:00,216.66,222.24,216.02,219.94,5207376,0,223.84,235.52,15.37,20.10,80.00,20.00
08/19/2019,22:00,224.21,227.83,221.70,226.83,5311748,0,223.41,234.08,26.34,21.26,80.00,20.00
08/20/2019,22:00,227.62,229.09,224.54,225.86,4170527,0,221.58,232.36,36.80,26.17,80.00,20.00
08/21/2019,22:00,222.01,223.22,217.60,220.83,7799744,0,221.82,230.16,40.35,34.49,80.00,20.00
08/22/2019,22:00,222.80,225.40,218.22,222.15,6564964,0,223.12,229.83,38.22,38.45,80.00,20.00
08/23/2019,22:00,219.97,221.17,211.00,211.40,8559704,0,221.41,229.00,23.77,34.11,80.00,20.00
08/26/2019,22:00,213.60,215.02,211.54,215.00,5054414,0,219.05,227.96,17.47,26.49,80.00,20.00
08/27/2019,22:00,215.74,218.80,212.03,214.08,5420727,0,216.69,226.55,8.66,16.63,80.00,20.00
08/28/2019,22:00,213.69,217.25,212.31,215.59,3238625,0,215.64,225.25,13.64,13.26,80.00,20.00
08/29/2019,22:00,219.00,223.40,218.00,221.71,5183104,0,215.56,224.64,22.48,14.93,80.00,20.00
08/30/2019,22:00,229.15,232.44,224.21,225.61,9327775,0,218.40,224.20,38.37,24.83,80.00,20.00
09/03/2019,22:00,224.08,228.95,223.16,225.01,5360546,0,220.40,224.04,55.05,38.63,80.00,20.00
09/04/2019,22:00,226.89,228.46,219.21,220.68,5768696,0,221.72,223.53,56.42,49.95,80.00,20.00
09/05/2019,22:00,222.50,229.80,220.85,229.58,7403322,0,224.52,223.34,65.72,59.06,80.00,20.00
09/06/2019,22:00,227.20,229.64,225.17,227.45,4189372,0,225.67,222.80,69.51,63.88,80.00,20.00
09/09/2019,22:00,230.00,233.76,229.23,231.79,4802669,0,226.90,222.64,85.04,73.42,80.00,20.00
09/10/2019,22:00,230.80,235.54,228.94,235.54,4883714,0,229.01,222.97,89.87,81.48,80.00,20.00
09/11/2019,22:00,237.38,248.17,236.00,247.10,10042777,0,234.29,223.57,96.40,90.44,80.00,20.00
09/12/2019,22:00,247.70,253.50,244.40,245.87,8581210,0,237.55,224.88,91.65,92.64,80.00,20.00
09/13/2019,22:00,246.96,248.45,244.87,245.20,5313145,0,241.10,226.36,86.02,91.36,80.00,20.00
09/16/2019,22:00,246.00,247.43,241.17,242.81,4728096,0,243.30,227.50,78.86,85.51,80.00,20.00
09/17/2019,22:00,242.47,245.60,240.37,244.79,3946909,0,245.15,228.40,77.77,80.89,80.00,20.00
09/18/2019,22:00,245.00,248.17,242.37,243.49,4228103,0,244.43,229.28,75.11,77.25,80.00,20.00
09/19/2019,22:00,246.00,247.94,244.84,246.60,4883135,0,244.58,230.57,76.91,76.60,80.00,20.00
09/20/2019,22:00,246.49,246.95,238.16,240.62,6506264,0,243.66,231.50,71.38,74.47,80.00,20.00
09/23/2019,22:00,240.30,245.18,239.22,241.23,4391630,0,243.35,232.99,68.84,72.38,80.00,20.00
09/24/2019,22:00,241.52,241.99,222.61,223.21,12941112,0,239.03,233.40,45.23,61.82,80.00,20.00
09/25/2019,22:00,224.56,228.98,218.36,228.70,9444286,0,236.07,234.13,34.01,49.36,80.00,20.00
09/26/2019,22:00,230.66,243.31,227.40,242.56,12078785,0,235.26,235.48,35.85,38.37,80.00,20.00
09/27/2019,22:00,242.20,248.71,238.73,242.13,11123179,0,235.57,236.50,55.31,41.72,80.00,20.00
09/30/2019,22:00,243.00,243.98,236.11,240.87,5946161,0,235.49,237.26,66.86,52.67,80.00,20.00
10/01/2019,22:00,241.50,245.95,239.13,244.69,6196290,0,239.79,238.25,68.88,63.68,80.00,20.00
10/02/2019,22:00,243.29,244.65,239.43,243.13,6256548,0,242.68,239.37,73.15,69.63,80.00,20.00
10/03/2019,22:00,231.86,234.48,224.28,233.03,15137763,0,240.77,239.54,68.62,70.22,80.00,20.00
10/04/2019,22:00,231.61,234.78,228.07,231.43,8021180,0,238.63,239.74,57.67,66.48,80.00,20.00
10/07/2019,22:00,229.80,238.56,228.55,237.72,8086957,0,238.00,240.04,51.73,59.34,80.00,20.00
10/08/2019,22:00,235.87,243.94,234.50,240.05,8702338,0,237.07,240.26,59.44,56.28,80.00,20.00
10/09/2019,22:00,241.32,247.30,240.65,244.53,6935033,0,237.35,240.13,73.83,61.67,80.00,20.00
10/10/2019,22:00,245.28,249.28,241.58,244.74,6313417,0,239.69,240.08,81.03,71.43,80.00,20.00
10/11/2019,22:00,247.15,251.08,246.81,247.89,8488159,0,242.99,240.21,87.33,80.73,80.00,20.00
10/14/2019,22:00,247.90,258.55,247.13,256.96,10226863,0,246.83,240.92,91.02,86.46,80.00,20.00
10/15/2019,22:00,257.70,260.00,254.12,257.89,6479456,0,250.40,241.57,93.66,90.67,80.00,20.00
10/16/2019,22:00,257.39,262.10,256.92,259.75,6704303,0,253.45,242.39,94.68,93.12,80.00,20.00
10/17/2019,22:00,262.50,264.78,260.17,261.97,4779043,0,256.89,243.15,93.63,93.99,80.00,20.00
10/18/2019,22:00,260.70,262.80,255.10,256.95,5753666,0,258.70,243.97,89.07,92.46,80.00,20.00
10/21/2019,22:00,258.33,259.50,250.18,253.50,5108101,0,258.01,244.59,81.96,88.22,80.00,20.00
10/22/2019,22:00,254.32,258.33,250.85,255.58,4625095,0,257.55,246.20,76.70,82.58,80.00,20.00
10/23/2019,22:00,254.50,256.14,251.35,254.68,11216182,0,256.54,247.50,74.02,77.56,80.00,20.00
10/24/2019,22:00,298.37,304.93,289.20,299.68,29819231,0,264.08,250.36,84.02,78.25,80.00,20.00
10/25/2019,22:00,297.72,330.00,296.11,328.13,30006091,0,278.31,254.66,91.74,83.26,80.00,20.00
10/28/2019,22:00,327.54,340.84,322.60,327.71,18870286,0,293.16,259.00,92.56,89.44,80.00,20.00
10/29/2019,22:00,319.99,324.30,314.75,316.22,12684267,0,305.28,262.58,86.57,90.29,80.00,20.00
10/30/2019,22:00,313.00,318.79,309.97,315.01,9641810,0,317.35,266.17,78.34,85.82,80.00,20.00
10/31/2019,22:00,313.10,319.00,313.00,314.92,5066956,0,320.40,270.27,73.39,79.43,80.00,20.00
11/01/2019,22:00,316.32,316.48,309.80,313.31,6383929,0,317.43,274.36,71.52,74.42,80.00,20.00
11/04/2019,22:00,314.80,321.94,309.26,317.47,8787040,0,315.39,278.35,72.07,72.33,80.00,20.00
11/05/2019,22:00,319.62,323.51,316.12,317.22,6943417,0,315.59,282.21,72.60,72.06,80.00,20.00
11/06/2019,22:00,318.00,326.72,314.50,326.58,7940932,0,317.90,286.31,77.48,74.05,80.00,20.00
11/07/2019,22:00,329.14,341.50,328.02,335.54,14467348,0,322.02,290.85,83.92,78.00,80.00,20.00
11/08/2019,22:00,334.50,337.46,332.50,337.14,6074221,0,326.79,295.31,90.98,84.13,80.00,20.00
11/11/2019,22:00,343.95,349.19,342.00,345.09,9993689,0,332.31,299.72,94.85,89.92,80.00,20.00
11/12/2019,22:00,346.90,350.37,344.04,349.93,7359383,0,338.86,304.32,96.44,94.09,80.00,20.00
11/13/2019,22:00,355.00,356.33,345.18,346.11,8467863,0,342.76,308.64,93.27,94.85,80.00,20.00
11/14/2019,22:00,346.11,353.84,342.91,349.35,6471703,0,345.52,313.01,89.53,93.08,80.00,20.00
11/15/2019,22:00,350.64,352.80,348.36,352.17,4812563,0,348.53,317.77,86.16,89.65,80.00,20.00
11/18/2019,22:00,352.92,353.15,346.10,349.99,4408505,0,349.51,322.59,87.62,87.77,80.00,20.00
11/19/2019,22:00,351.75,359.99,347.80,359.52,7736078,0,351.43,327.79,92.43,88.74,80.00,20.00
11/20/2019,22:00,360.00,361.20,349.57,352.22,6733965,0,352.65,332.67,89.46,89.83,80.00,20.00
11/21/2019,22:00,354.51,360.84,354.00,354.83,6110013,0,353.75,335.42,89.77,90.55,80.00,20.00
11/22/2019,22:00,340.16,341.00,330.00,333.04,16870642,0,349.92,335.67,71.11,83.44,80.00,20.00
11/25/2019,22:00,344.32,344.57,334.46,336.34,12345765,0,347.19,336.10,59.14,73.34,80.00,20.00
11/26/2019,22:00,335.27,335.50,327.10,328.92,7956239,0,341.07,336.73,33.10,54.45,80.00,20.00
11/27/2019,22:00,331.12,333.93,328.57,331.29,5563459,0,336.88,337.55,24.24,38.82,80.00,20.00
11/29/2019,22:00,331.11,331.26,327.50,329.94,2465629,0,331.91,338.30,8.65,22.00,80.00,20.00
12/02/2019,22:00,329.40,336.38,328.69,334.87,6081986,0,332.27,339.38,14.47,15.79,80.00,20.00
12/03/2019,22:00,332.62,337.91,332.19,336.20,6613476,0,332.24,340.31,19.27,14.13,80.00,20.00
12/04/2019,22:00,337.75,337.86,332.85,333.03,5536255,0,333.07,341.11,22.29,18.67,80.00,20.00
12/05/2019,22:00,332.83,334.42,327.25,330.37,3736976,0,332.88,341.29,17.89,19.81,80.00,20.00
12/06/2019,22:00,335.00,338.86,334.77,335.89,7618937,0,334.07,341.31,17.59,19.25,80.00,20.00
12/09/2019,22:00,336.59,344.45,335.08,339.53,9040217,0,335.00,341.43,23.94,19.80,80.00,20.00
12/10/2019,22:00,339.96,350.73,339.31,348.84,8839951,0,337.53,341.62,41.99,27.84,80.00,20.00
12/11/2019,22:00,351.88,357.19,351.09,352.70,6919162,0,341.47,341.76,58.63,41.52,80.00,20.00
12/12/2019,22:00,354.92,362.74,353.23,359.68,7776211,0,347.33,342.44,77.23,59.29,80.00,20.00
12/13/2019,22:00,361.05,365.21,354.64,358.39,6574281,0,351.83,342.89,83.24,73.03,80.00,20.00
12/16/2019,22:00,362.55,383.61,362.50,381.50,18220940,0,360.22,344.35,90.80,83.75,80.00,20.00
12/17/2019,22:00,378.99,385.50,375.90,378.99,8503775,0,366.25,345.80,89.90,87.98,80.00,20.00
12/18/2019,22:00,380.63,395.22,380.58,393.15,14136392,0,374.34,347.49,94.15,91.62,80.00,20.00
12/19/2019,22:00,397.32,406.85,396.50,404.04,18120307,0,383.21,350.08,94.47,92.84,80.00,20.00
12/20/2019,22:00,410.29,413.00,400.19,405.59,14785206,0,392.65,352.61,94.73,94.45,80.00,20.00
12/23/2019,22:00,411.78,422.01,410.00,419.22,13332821,0,400.20,356.92,95.00,94.73,80.00,20.00
12/24/2019,22:00,418.36,425.47,412.69,425.25,8054720,0,409.45,361.37,96.26,95.33,80.00,20.00
12/26/2019,22:00,427.91,433.48,426.35,430.94,10648289,0,417.01,366.47,98.10,96.45,80.00,20.00
12/27/2019,22:00,435.00,435.31,426.11,430.38,9956827,0,422.28,371.42,97.41,97.26,80.00,20.00
12/30/2019,22:00,428.79,429.00,409.26,414.70,12601265,0,424.10,375.66,90.48,95.33,80.00,20.00
12/31/2019,22:00,405.00,421.29,402.08,418.33,10592022,0,423.92,379.84,84.84,90.91,80.00,20.00
01/02/2020,22:00,424.50,430.70,421.71,430.26,9558386,0,424.92,384.54,83.74,86.35,80.00,20.00
01/03/2020,22:00,440.50,454.00,436.92,443.01,17794697,0,427.34,390.04,87.57,85.38,80.00,20.00
01/06/2020,22:00,440.47,451.56,440.00,451.54,10157499,0,431.57,396.10,93.22,88.18,80.00,20.00
01/07/2020,22:00,461.40,471.63,453.36,469.06,18209138,0,442.44,402.76,94.41,91.73,80.00,20.00
01/08/2020,22:00,473.70,498.49,468.23,492.14,31199393,0,457.20,410.39,96.27,94.63,80.00,20.00
01/09/2020,22:00,497.10,498.80,472.87,481.34,28463186,0,467.42,417.01,91.65,94.11,80.00,20.00
01/10/2020,22:00,481.79,484.94,473.70,478.15,12976832,0,474.45,423.28,86.05,91.33,80.00,20.00
01/13/2020,22:00,493.50,525.63,492.00,524.86,26634547,0,489.11,431.54,88.02,88.57,80.00,20.00
01/14/2020,22:00,544.26,547.41,524.90,537.92,29061377,0,502.88,440.52,91.59,88.55,80.00,20.00
01/15/2020,22:00,529.76,537.84,516.79,518.50,17368831,0,508.15,447.37,90.54,90.05,80.00,20.00
01/16/2020,22:00,493.75,514.46,492.17,513.49,21736653,0,514.58,454.09,83.41,88.51,80.00,20.00
01/17/2020,22:00,507.61,515.67,503.16,510.50,13629073,0,521.05,459.96,77.12,83.69,80.00,20.00
01/21/2020,22:00,530.25,548.58,528.41,547.20,17803471,0,525.52,467.12,83.48,81.34,80.00,20.00
01/22/2020,22:00,571.89,594.50,559.10,569.56,31369028,0,531.85,475.32,86.39,82.33,80.00,20.00
01/23/2020,22:00,564.25,582.00,555.60,572.20,19651042,0,542.59,482.97,89.80,86.56,80.00,20.00
01/24/2020,22:00,570.63,573.86,554.26,564.82,14353600,0,552.86,489.95,84.14,86.78,80.00,20.00
01/27/2020,22:00,541.99,564.44,539.28,558.02,13608068,0,562.36,496.30,80.48,84.81,80.00,20.00
01/28/2020,22:00,568.49,576.81,558.08,566.90,11788493,0,566.30,503.13,77.78,80.80,80.00,20.00
01/29/2020,22:00,575.69,589.80,567.43,580.99,18216672,0,568.59,511.44,80.06,79.44,80.00,20.00
01/30/2020,22:00,632.42,650.88,618.00,640.81,29005676,0,582.31,522.56,87.96,81.93,80.00,20.00
01/31/2020,22:00,640.00,653.00,632.52,650.57,15719266,0,599.46,533.58,94.34,87.45,80.00,20.00
02/03/2020,22:00,673.69,786.14,673.52,780.00,47233495,0,643.85,550.43,97.05,93.12,80.00,20.00
02/04/2020,22:00,882.96,968.99,833.88,887.06,60938758,0,707.89,572.20,90.29,93.89,80.00,20.00
02/05/2020,22:00,823.26,845.98,704.11,734.70,48423837,0,738.63,585.49,74.16,87.17,80.00,20.00
02/06/2020,22:00,699.92,795.83,687.00,748.96,39880752,0,760.26,598.33,62.22,75.56,80.00,20.00
02/07/2020,22:00,730.55,769.75,730.00,748.07,17063521,0,779.76,611.66,51.18,62.52,80.00,20.00
02/10/2020,22:00,800.00,819.99,752.40,771.28,24689163,0,778.01,626.32,52.20,55.20,80.00,20.00
02/11/2020,22:00,768.79,783.51,758.00,774.38,11697473,0,755.48,638.80,52.83,52.07,80.00,20.00
02/12/2020,22:00,777.87,789.75,763.37,767.29,12022470,0,762.00,650.27,53.92,52.98,80.00,20.00
02/13/2020,22:00,741.84,818.00,735.00,804.00,26289348,0,773.00,664.54,56.46,54.40,80.00,20.00
02/14/2020,22:00,787.22,812.97,785.50,800.03,15693711,0,783.40,678.87,57.83,56.07,80.00,20.00
02/18/2020,22:00,841.60,860.00,832.36,858.40,16698369,0,800.82,696.26,64.21,59.50,80.00,20.00
02/19/2020,22:00,923.50,944.78,901.02,917.42,25422958,0,829.43,714.77,71.54,64.53,80.00,20.00
02/20/2020,22:00,911.95,912.00,859.94,899.41,17634893,0,855.85,731.27,78.72,71.49,80.00,20.00
02/21/2020,22:00,906.98,913.06,880.45,901.00,14339446,0,875.25,747.71,80.76,77.01,80.00,20.00
02/24/2020,22:00,839.00,863.50,822.20,833.79,15192163,0,882.00,761.15,70.15,76.54,80.00,20.00
02/25/2020,22:00,849.00,856.60,787.00,799.91,17290481,0,870.31,773.25,58.33,69.75,80.00,20.00
02/26/2020,22:00,782.50,813.31,776.11,778.80,14153843,0,842.58,783.84,44.07,57.52,80.00,20.00
02/27/2020,22:00,730.00,739.77,669.00,679.00,24277160,0,798.50,788.74,27.13,43.18,80.00,20.00
02/28/2020,22:00,628.71,690.52,611.52,667.99,24564171,0,751.90,790.10,18.26,29.82,80.00,20.00
03/02/2020,22:00,711.26,743.69,686.67,743.62,20194991,0,733.86,794.76,21.07,22.15,80.00,20.00
03/03/2020,22:00,805.00,806.98,716.11,745.51,25784003,0,722.98,793.03,32.26,23.86,80.00,20.00
03/04/2020,22:00,763.96,766.52,724.73,749.50,15048977,0,717.12,786.15,40.42,31.25,80.00,20.00
03/05/2020,22:00,723.77,745.75,718.07,724.54,10852657,0,726.23,785.65,38.51,37.06,80.00,20.00
03/06/2020,22:00,690.00,707.00,684.27,703.48,12662918,0,733.33,783.37,34.30,37.74,80.00,20.00
03/09/2020,22:00,605.39,663.00,605.00,608.00,17073740,0,706.21,776.37,20.67,31.16,80.00,20.00
03/10/2020,22:00,659.43,668.00,608.00,645.33,15594443,0,686.17,770.07,13.79,22.92,80.00,20.00
03/11/2020,22:00,640.00,653.58,613.00,634.23,13413587,0,663.12,763.06,7.59,14.02,80.00,20.00
03/12/2020,22:00,580.89,594.50,546.25,560.55,18909052,0,630.32,752.73,8.98,10.12,80.00,20.00
03/13/2020,22:00,595.00,607.57,502.00,546.62,22640254,0,598.95,739.86,9.00,8.52,80.00,20.00
03/16/2020,22:00,469.50,494.87,442.17,445.07,20489464,0,566.36,722.11,5.93,7.97,80.00,20.00
03/17/2020,22:00,440.01,471.85,396.00,430.20,23994580,0,523.33,700.70,7.19,7.37,80.00,20.00
03/18/2020,22:00,389.00,404.86,350.51,361.22,23786162,0,468.73,672.89,3.86,5.66,80.00,20.00
03/19/2020,22:00,374.70,452.00,358.46,427.64,30195460,0,442.15,649.30,9.22,6.76,80.00,20.00
