{
    "lw": "100001",
    "sw": "100010",
    "mov": "100011",
    "lwi": "100100",
    "swi": "100101",
    "jmpi": "111000",
    "jnzi": "111001",
    "jzi": "111010",
    "jnbafi": "111011",
    "jbafi": "111100",
    "lii": "111111",
    "vld": "000001",
    "neg": "000010",
    "inc": "000011",
    "dec": "000100",
    "cmpz": "000101",
    "inv": "000110",
    "shl": "001000",
    "shr": "001001",
    "rol": "001010",
    "ror": "001011",
    "not": "001100",
    "n1": "001101",
    "n0": "001110",
    "add": "010000",
    "sub": "010001",
    "mul": "010010",
    "div": "010011",
    "op1": "011000",
    "op2": "011001",
    "op3": "011010",
    "xor": "011100",
    "and": "011101",
    "or": "011110"
  }